CREATE DATABASE `cinema`;
use `cinema`;

-- MySQL dump 10.13  Distrib 5.5.23, for Win64 (x86)
--
-- Host: localhost    Database: cinema
-- ------------------------------------------------------
-- Server version	5.5.23

/*!40101 SET @OLD_CHARACTER_SET_CLIENT=@@CHARACTER_SET_CLIENT */;
/*!40101 SET @OLD_CHARACTER_SET_RESULTS=@@CHARACTER_SET_RESULTS */;
/*!40101 SET @OLD_COLLATION_CONNECTION=@@COLLATION_CONNECTION */;
/*!40101 SET NAMES utf8 */;
/*!40103 SET @OLD_TIME_ZONE=@@TIME_ZONE */;
/*!40103 SET TIME_ZONE='+00:00' */;
/*!40014 SET @OLD_UNIQUE_CHECKS=@@UNIQUE_CHECKS, UNIQUE_CHECKS=0 */;
/*!40014 SET @OLD_FOREIGN_KEY_CHECKS=@@FOREIGN_KEY_CHECKS, FOREIGN_KEY_CHECKS=0 */;
/*!40101 SET @OLD_SQL_MODE=@@SQL_MODE, SQL_MODE='NO_AUTO_VALUE_ON_ZERO' */;
/*!40111 SET @OLD_SQL_NOTES=@@SQL_NOTES, SQL_NOTES=0 */;

--
-- Table structure for table `film`
--

DROP TABLE IF EXISTS `film`;
/*!40101 SET @saved_cs_client     = @@character_set_client */;
/*!40101 SET character_set_client = utf8 */;
CREATE TABLE `film` (
  `idFilm` int(11) NOT NULL AUTO_INCREMENT,
  `FilmName` varchar(45) NOT NULL,
  `Duration` varchar(45) NOT NULL,
  `AgeLimit` varchar(45) NOT NULL,
  `FilmImage` varchar(45) NOT NULL,
  PRIMARY KEY (`idFilm`)
) ENGINE=InnoDB AUTO_INCREMENT=12 DEFAULT CHARSET=utf8;
/*!40101 SET character_set_client = @saved_cs_client */;

--
-- Dumping data for table `film`
--

LOCK TABLES `film` WRITE;
/*!40000 ALTER TABLE `film` DISABLE KEYS */;
INSERT INTO `film` VALUES (1,'Тор: Рагнорёк','2ч 10мин','16+','../static/image/poster/tor3.jpg'),(2,'Последний богатырь','1ч 54мин','12+','../static/image/poster/pb.jpg'),(3,'Матильда','2ч 10мин','16+','../static/image/poster/matilda.jpg'),(4,'Лига справедливости','1ч 50мин','16+','../static/image/poster/lsp.jpg'),(5,'Мифы','1ч 29мин','16+','../static/image/poster/mif.jpg'),(6,'Здравствуй, папа, Новый год! 2','1ч 40мин','12+','../static/image/poster/batya.jpg'),(7,'Логан','2ч 21мин','18+','../static/image/poster/logan.jpg'),(8,'Тёмная башня','1ч 35мин','16+','../static/image/poster/dt.jpg'),(9,'Оно','2ч 15мин','18+','../static/image/poster/Ono.jpg'),(10,'Пила 8','1ч 32мин','18+','../static/image/poster/pila.jpg'),(11,'Планета обезьян: Война','2ч 22мин','16+','../static/image/poster/pow.jpg');
/*!40000 ALTER TABLE `film` ENABLE KEYS */;
UNLOCK TABLES;

--
-- Table structure for table `place`
--

DROP TABLE IF EXISTS `place`;
/*!40101 SET @saved_cs_client     = @@character_set_client */;
/*!40101 SET character_set_client = utf8 */;
CREATE TABLE `place` (
  `NumPlace` int(11) NOT NULL,
  `free` tinyint(1) DEFAULT '1',
  `idSession` int(11) NOT NULL,
  `Hall` int(11) NOT NULL,
  KEY `idSession` (`idSession`),
  CONSTRAINT `place_ibfk_1` FOREIGN KEY (`idSession`) REFERENCES `session` (`idSession`)
) ENGINE=InnoDB DEFAULT CHARSET=utf8;
/*!40101 SET character_set_client = @saved_cs_client */;

--
-- Dumping data for table `place`
--

LOCK TABLES `place` WRITE;
/*!40000 ALTER TABLE `place` DISABLE KEYS */;
INSERT INTO `place` VALUES (0,1,6,1),(1,1,6,1),(2,1,6,1),(3,1,6,1),(4,1,6,1),(5,1,6,1),(6,1,6,1),(7,1,6,1),(8,1,6,1),(9,1,6,1),(10,1,6,1),(11,1,6,1),(12,1,6,1),(13,1,6,1),(14,1,6,1),(15,1,6,1),(16,1,6,1),(17,1,6,1),(18,1,6,1),(19,1,6,1),(20,1,6,1),(21,1,6,1),(22,1,6,1),(23,1,6,1),(24,1,6,1),(25,1,6,1),(26,1,6,1),(27,1,6,1),(28,1,6,1),(29,1,6,1),(30,1,6,1),(31,1,6,1),(32,1,6,1),(33,1,6,1),(34,1,6,1),(35,1,6,1),(36,1,6,1),(37,1,6,1),(38,1,6,1),(39,1,6,1),(40,1,6,1),(41,1,6,1),(42,1,6,1),(43,1,6,1),(44,1,6,1),(45,1,6,1),(46,1,6,1),(47,1,6,1),(48,1,6,1),(49,1,6,1),(1,1,7,1),(2,1,7,1),(3,1,7,1),(4,1,7,1),(5,1,7,1),(6,1,7,1),(7,1,7,1),(8,1,7,1),(9,1,7,1),(10,1,7,1),(11,1,7,1),(12,1,7,1),(13,1,7,1),(14,1,7,1),(15,1,7,1),(16,1,7,1),(17,1,7,1),(18,1,7,1),(19,1,7,1),(20,1,7,1),(21,0,7,1),(22,1,7,1),(23,1,7,1),(24,1,7,1),(25,1,7,1),(26,1,7,1),(27,1,7,1),(28,1,7,1),(29,1,7,1),(30,1,7,1),(31,1,7,1),(32,1,7,1),(33,1,7,1),(34,1,7,1),(35,1,7,1),(36,1,7,1),(37,1,7,1),(38,1,7,1),(39,1,7,1),(40,1,7,1),(41,1,7,1),(42,1,7,1),(43,1,7,1),(44,1,7,1),(45,1,7,1),(46,1,7,1),(47,1,7,1),(48,1,7,1),(49,1,7,1),(50,1,7,1),(1,1,8,1),(2,1,8,1),(3,1,8,1),(4,1,8,1),(5,1,8,1),(6,1,8,1),(7,1,8,1),(8,1,8,1),(9,1,8,1),(10,1,8,1),(11,1,8,1),(12,1,8,1),(13,1,8,1),(14,1,8,1),(15,1,8,1),(16,1,8,1),(17,1,8,1),(18,1,8,1),(19,1,8,1),(20,1,8,1),(21,1,8,1),(22,1,8,1),(23,1,8,1),(24,1,8,1),(25,0,8,1),(26,0,8,1),(27,1,8,1),(28,1,8,1),(29,1,8,1),(30,1,8,1),(31,1,8,1),(32,1,8,1),(33,1,8,1),(34,1,8,1),(35,1,8,1),(36,1,8,1),(37,1,8,1),(38,1,8,1),(39,1,8,1),(40,1,8,1),(41,1,8,1),(42,1,8,1),(43,1,8,1),(44,1,8,1),(45,1,8,1),(46,1,8,1),(47,1,8,1),(48,1,8,1),(49,1,8,1),(50,1,8,1),(1,1,9,1),(2,1,9,1),(3,1,9,1),(4,1,9,1),(5,1,9,1),(6,1,9,1),(7,1,9,1),(8,1,9,1),(9,1,9,1),(10,1,9,1),(11,1,9,1),(12,1,9,1),(13,1,9,1),(14,1,9,1),(15,1,9,1),(16,1,9,1),(17,1,9,1),(18,1,9,1),(19,1,9,1),(20,1,9,1),(21,1,9,1),(22,1,9,1),(23,1,9,1),(24,1,9,1),(25,1,9,1),(26,1,9,1),(27,1,9,1),(28,1,9,1),(29,1,9,1),(30,1,9,1),(31,1,9,1),(32,1,9,1),(33,1,9,1),(34,1,9,1),(35,1,9,1),(36,1,9,1),(37,1,9,1),(38,1,9,1),(39,1,9,1),(40,1,9,1),(41,1,9,1),(42,1,9,1),(43,1,9,1),(44,1,9,1),(45,1,9,1),(46,1,9,1),(47,1,9,1),(48,1,9,1),(49,1,9,1),(50,1,9,1),(1,1,10,2),(2,1,10,2),(3,1,10,2),(4,1,10,2),(5,1,10,2),(6,1,10,2),(7,1,10,2),(8,1,10,2),(9,1,10,2),(10,1,10,2),(11,1,10,2),(12,1,10,2),(13,1,10,2),(14,1,10,2),(15,1,10,2),(16,1,10,2),(17,1,10,2),(18,1,10,2),(19,1,10,2),(20,1,10,2),(21,1,10,2),(22,1,10,2),(23,1,10,2),(24,1,10,2),(25,1,10,2),(26,1,10,2),(27,1,10,2),(28,1,10,2),(29,1,10,2),(30,1,10,2),(31,1,10,2),(32,1,10,2),(33,1,10,2),(34,1,10,2),(35,1,10,2),(36,1,10,2),(37,1,10,2),(38,1,10,2),(39,1,10,2),(40,1,10,2),(41,1,10,2),(42,1,10,2),(43,1,10,2),(44,1,10,2),(45,1,10,2),(46,1,10,2),(47,1,10,2),(48,1,10,2),(49,1,10,2),(50,1,10,2),(1,1,11,2),(2,1,11,2),(3,1,11,2),(4,1,11,2),(5,1,11,2),(6,1,11,2),(7,1,11,2),(8,1,11,2),(9,1,11,2),(10,1,11,2),(11,1,11,2),(12,1,11,2),(13,1,11,2),(14,1,11,2),(15,1,11,2),(16,1,11,2),(17,1,11,2),(18,1,11,2),(19,1,11,2),(20,1,11,2),(21,1,11,2),(22,1,11,2),(23,1,11,2),(24,1,11,2),(25,1,11,2),(26,1,11,2),(27,1,11,2),(28,1,11,2),(29,1,11,2),(30,1,11,2),(31,1,11,2),(32,1,11,2),(33,1,11,2),(34,1,11,2),(35,1,11,2),(36,1,11,2),(37,1,11,2),(38,1,11,2),(39,1,11,2),(40,1,11,2),(41,1,11,2),(42,1,11,2),(43,1,11,2),(44,1,11,2),(45,1,11,2),(46,1,11,2),(47,1,11,2),(48,1,11,2),(49,1,11,2),(50,1,11,2),(1,1,12,2),(2,1,12,2),(3,1,12,2),(4,1,12,2),(5,1,12,2),(6,1,12,2),(7,1,12,2),(8,1,12,2),(9,1,12,2),(10,1,12,2),(11,1,12,2),(12,1,12,2),(13,1,12,2),(14,1,12,2),(15,1,12,2),(16,1,12,2),(17,1,12,2),(18,1,12,2),(19,1,12,2),(20,1,12,2),(21,1,12,2),(22,1,12,2),(23,1,12,2),(24,1,12,2),(25,1,12,2),(26,1,12,2),(27,1,12,2),(28,1,12,2),(29,1,12,2),(30,1,12,2),(31,1,12,2),(32,1,12,2),(33,1,12,2),(34,1,12,2),(35,1,12,2),(36,1,12,2),(37,1,12,2),(38,1,12,2),(39,1,12,2),(40,1,12,2),(41,1,12,2),(42,1,12,2),(43,1,12,2),(44,1,12,2),(45,1,12,2),(46,1,12,2),(47,1,12,2),(48,1,12,2),(49,1,12,2),(50,1,12,2),(1,1,13,2),(2,1,13,2),(3,1,13,2),(4,1,13,2),(5,1,13,2),(6,1,13,2),(7,1,13,2),(8,1,13,2),(9,1,13,2),(10,1,13,2),(11,1,13,2),(12,1,13,2),(13,1,13,2),(14,1,13,2),(15,1,13,2),(16,1,13,2),(17,1,13,2),(18,1,13,2),(19,1,13,2),(20,1,13,2),(21,1,13,2),(22,1,13,2),(23,1,13,2),(24,1,13,2),(25,1,13,2),(26,1,13,2),(27,1,13,2),(28,1,13,2),(29,1,13,2),(30,1,13,2),(31,1,13,2),(32,1,13,2),(33,1,13,2),(34,1,13,2),(35,1,13,2),(36,1,13,2),(37,1,13,2),(38,1,13,2),(39,1,13,2),(40,1,13,2),(41,1,13,2),(42,1,13,2),(43,1,13,2),(44,1,13,2),(45,1,13,2),(46,1,13,2),(47,1,13,2),(48,1,13,2),(49,1,13,2),(50,1,13,2),(1,1,14,2),(2,1,14,2),(3,1,14,2),(4,1,14,2),(5,1,14,2),(6,1,14,2),(7,1,14,2),(8,1,14,2),(9,1,14,2),(10,1,14,2),(11,1,14,2),(12,1,14,2),(13,1,14,2),(14,1,14,2),(15,1,14,2),(16,1,14,2),(17,1,14,2),(18,1,14,2),(19,1,14,2),(20,1,14,2),(21,1,14,2),(22,1,14,2),(23,1,14,2),(24,1,14,2),(25,1,14,2),(26,1,14,2),(27,1,14,2),(28,1,14,2),(29,1,14,2),(30,1,14,2),(31,1,14,2),(32,1,14,2),(33,1,14,2),(34,1,14,2),(35,1,14,2),(36,1,14,2),(37,1,14,2),(38,1,14,2),(39,1,14,2),(40,1,14,2),(41,1,14,2),(42,1,14,2),(43,1,14,2),(44,1,14,2),(45,1,14,2),(46,1,14,2),(47,1,14,2),(48,1,14,2),(49,1,14,2),(50,1,14,2),(1,1,15,3),(2,1,15,3),(3,1,15,3),(4,1,15,3),(5,1,15,3),(6,1,15,3),(7,1,15,3),(8,1,15,3),(9,1,15,3),(10,1,15,3),(11,1,15,3),(12,1,15,3),(13,1,15,3),(14,0,15,3),(15,1,15,3),(16,1,15,3),(17,1,15,3),(18,1,15,3),(19,1,15,3),(20,1,15,3),(21,1,15,3),(22,1,15,3),(23,1,15,3),(24,1,15,3),(25,1,15,3),(26,1,15,3),(27,1,15,3),(28,1,15,3),(29,1,15,3),(30,1,15,3),(31,1,15,3),(32,1,15,3),(33,1,15,3),(34,1,15,3),(35,1,15,3),(36,1,15,3),(37,1,15,3),(38,1,15,3),(39,1,15,3),(40,1,15,3),(41,1,15,3),(42,1,15,3),(43,1,15,3),(44,1,15,3),(45,1,15,3),(46,1,15,3),(47,1,15,3),(48,1,15,3),(49,1,15,3),(50,1,15,3),(1,1,16,3),(2,1,16,3),(3,1,16,3),(4,1,16,3),(5,1,16,3),(6,1,16,3),(7,1,16,3),(8,1,16,3),(9,1,16,3),(10,1,16,3),(11,1,16,3),(12,1,16,3),(13,1,16,3),(14,1,16,3),(15,1,16,3),(16,1,16,3),(17,1,16,3),(18,1,16,3),(19,1,16,3),(20,1,16,3),(21,1,16,3),(22,1,16,3),(23,1,16,3),(24,1,16,3),(25,1,16,3),(26,1,16,3),(27,1,16,3),(28,1,16,3),(29,1,16,3),(30,1,16,3),(31,1,16,3),(32,1,16,3),(33,1,16,3),(34,1,16,3),(35,1,16,3),(36,1,16,3),(37,1,16,3),(38,1,16,3),(39,1,16,3),(40,1,16,3),(41,1,16,3),(42,1,16,3),(43,1,16,3),(44,1,16,3),(45,1,16,3),(46,1,16,3),(47,1,16,3),(48,1,16,3),(49,1,16,3),(50,1,16,3),(1,1,17,3),(2,1,17,3),(3,1,17,3),(4,1,17,3),(5,1,17,3),(6,1,17,3),(7,1,17,3),(8,1,17,3),(9,1,17,3),(10,1,17,3),(11,1,17,3),(12,1,17,3),(13,1,17,3),(14,1,17,3),(15,1,17,3),(16,1,17,3),(17,1,17,3),(18,1,17,3),(19,1,17,3),(20,1,17,3),(21,1,17,3),(22,1,17,3),(23,1,17,3),(24,1,17,3),(25,1,17,3),(26,1,17,3),(27,1,17,3),(28,1,17,3),(29,1,17,3),(30,1,17,3),(31,1,17,3),(32,1,17,3),(33,1,17,3),(34,1,17,3),(35,1,17,3),(36,1,17,3),(37,1,17,3),(38,1,17,3),(39,1,17,3),(40,1,17,3),(41,1,17,3),(42,1,17,3),(43,1,17,3),(44,1,17,3),(45,1,17,3),(46,1,17,3),(47,1,17,3),(48,1,17,3),(49,1,17,3),(50,1,17,3),(1,1,18,3),(2,1,18,3),(3,1,18,3),(4,1,18,3),(5,1,18,3),(6,1,18,3),(7,1,18,3),(8,1,18,3),(9,1,18,3),(10,1,18,3),(11,1,18,3),(12,1,18,3),(13,1,18,3),(14,1,18,3),(15,1,18,3),(16,1,18,3),(17,1,18,3),(18,1,18,3),(19,1,18,3),(20,1,18,3),(21,1,18,3),(22,1,18,3),(23,1,18,3),(24,1,18,3),(25,1,18,3),(26,1,18,3),(27,1,18,3),(28,1,18,3),(29,1,18,3),(30,1,18,3),(31,1,18,3),(32,1,18,3),(33,1,18,3),(34,1,18,3),(35,1,18,3),(36,1,18,3),(37,1,18,3),(38,1,18,3),(39,1,18,3),(40,1,18,3),(41,1,18,3),(42,1,18,3),(43,1,18,3),(44,1,18,3),(45,1,18,3),(46,1,18,3),(47,1,18,3),(48,1,18,3),(49,1,18,3),(50,1,18,3),(1,1,19,3),(2,1,19,3),(3,1,19,3),(4,1,19,3),(5,1,19,3),(6,1,19,3),(7,1,19,3),(8,1,19,3),(9,1,19,3),(10,1,19,3),(11,1,19,3),(12,1,19,3),(13,1,19,3),(14,1,19,3),(15,1,19,3),(16,1,19,3),(17,1,19,3),(18,1,19,3),(19,1,19,3),(20,1,19,3),(21,1,19,3),(22,1,19,3),(23,1,19,3),(24,1,19,3),(25,1,19,3),(26,1,19,3),(27,1,19,3),(28,1,19,3),(29,1,19,3),(30,1,19,3),(31,1,19,3),(32,1,19,3),(33,1,19,3),(34,1,19,3),(35,1,19,3),(36,1,19,3),(37,1,19,3),(38,1,19,3),(39,1,19,3),(40,1,19,3),(41,1,19,3),(42,1,19,3),(43,1,19,3),(44,1,19,3),(45,1,19,3),(46,1,19,3),(47,1,19,3),(48,1,19,3),(49,1,19,3),(50,1,19,3),(1,1,20,3),(2,1,20,3),(3,1,20,3),(4,1,20,3),(5,1,20,3),(6,1,20,3),(7,1,20,3),(8,1,20,3),(9,1,20,3),(10,1,20,3),(11,1,20,3),(12,1,20,3),(13,1,20,3),(14,1,20,3),(15,1,20,3),(16,1,20,3),(17,1,20,3),(18,1,20,3),(19,1,20,3),(20,1,20,3),(21,1,20,3),(22,1,20,3),(23,1,20,3),(24,1,20,3),(25,1,20,3),(26,1,20,3),(27,1,20,3),(28,1,20,3),(29,1,20,3),(30,1,20,3),(31,1,20,3),(32,1,20,3),(33,1,20,3),(34,1,20,3),(35,1,20,3),(36,1,20,3),(37,1,20,3),(38,1,20,3),(39,1,20,3),(40,1,20,3),(41,1,20,3),(42,1,20,3),(43,1,20,3),(44,1,20,3),(45,1,20,3),(46,1,20,3),(47,1,20,3),(48,1,20,3),(49,1,20,3),(50,1,20,3),(1,1,21,4),(2,1,21,4),(3,1,21,4),(4,1,21,4),(5,1,21,4),(6,1,21,4),(7,1,21,4),(8,1,21,4),(9,1,21,4),(10,1,21,4),(11,1,21,4),(12,1,21,4),(13,1,21,4),(14,1,21,4),(15,1,21,4),(16,1,21,4),(17,1,21,4),(18,1,21,4),(19,1,21,4),(20,1,21,4),(21,1,21,4),(22,1,21,4),(23,1,21,4),(24,1,21,4),(25,1,21,4),(26,1,21,4),(27,1,21,4),(28,1,21,4),(29,1,21,4),(30,1,21,4),(31,1,21,4),(32,1,21,4),(33,1,21,4),(34,1,21,4),(35,1,21,4),(36,1,21,4),(37,1,21,4),(38,1,21,4),(39,1,21,4),(40,1,21,4),(41,1,21,4),(42,1,21,4),(43,1,21,4),(44,1,21,4),(45,1,21,4),(46,1,21,4),(47,1,21,4),(48,1,21,4),(49,1,21,4),(50,1,21,4),(1,1,22,4),(2,1,22,4),(3,1,22,4),(4,1,22,4),(5,1,22,4),(6,1,22,4),(7,1,22,4),(8,1,22,4),(9,1,22,4),(10,1,22,4),(11,1,22,4),(12,1,22,4),(13,1,22,4),(14,1,22,4),(15,1,22,4),(16,1,22,4),(17,1,22,4),(18,1,22,4),(19,1,22,4),(20,1,22,4),(21,1,22,4),(22,1,22,4),(23,1,22,4),(24,1,22,4),(25,1,22,4),(26,1,22,4),(27,1,22,4),(28,1,22,4),(29,1,22,4),(30,1,22,4),(31,1,22,4),(32,1,22,4),(33,1,22,4),(34,1,22,4),(35,1,22,4),(36,1,22,4),(37,1,22,4),(38,1,22,4),(39,1,22,4),(40,1,22,4),(41,1,22,4),(42,1,22,4),(43,1,22,4),(44,1,22,4),(45,1,22,4),(46,1,22,4),(47,1,22,4),(48,1,22,4),(49,1,22,4),(50,1,22,4),(1,1,23,4),(2,1,23,4),(3,1,23,4),(4,1,23,4),(5,1,23,4),(6,1,23,4),(7,1,23,4),(8,1,23,4),(9,1,23,4),(10,1,23,4),(11,1,23,4),(12,1,23,4),(13,1,23,4),(14,1,23,4),(15,1,23,4),(16,1,23,4),(17,1,23,4),(18,1,23,4),(19,1,23,4),(20,1,23,4),(21,1,23,4),(22,1,23,4),(23,1,23,4),(24,1,23,4),(25,1,23,4),(26,1,23,4),(27,1,23,4),(28,1,23,4),(29,1,23,4),(30,1,23,4),(31,1,23,4),(32,1,23,4),(33,1,23,4),(34,1,23,4),(35,1,23,4),(36,1,23,4),(37,1,23,4),(38,1,23,4),(39,1,23,4),(40,1,23,4),(41,1,23,4),(42,1,23,4),(43,1,23,4),(44,1,23,4),(45,1,23,4),(46,1,23,4),(47,1,23,4),(48,1,23,4),(49,1,23,4),(50,1,23,4),(1,1,24,4),(2,1,24,4),(3,1,24,4),(4,1,24,4),(5,1,24,4),(6,1,24,4),(7,1,24,4),(8,1,24,4),(9,1,24,4),(10,1,24,4),(11,1,24,4),(12,1,24,4),(13,1,24,4),(14,1,24,4),(15,1,24,4),(16,1,24,4),(17,1,24,4),(18,1,24,4),(19,1,24,4),(20,1,24,4),(21,1,24,4),(22,1,24,4),(23,1,24,4),(24,1,24,4),(25,1,24,4),(26,1,24,4),(27,1,24,4),(28,1,24,4),(29,1,24,4),(30,1,24,4),(31,1,24,4),(32,1,24,4),(33,1,24,4),(34,1,24,4),(35,1,24,4),(36,1,24,4),(37,1,24,4),(38,1,24,4),(39,1,24,4),(40,1,24,4),(41,1,24,4),(42,1,24,4),(43,1,24,4),(44,1,24,4),(45,1,24,4),(46,1,24,4),(47,1,24,4),(48,1,24,4),(49,1,24,4),(50,1,24,4),(1,1,25,5),(2,1,25,5),(3,1,25,5),(4,1,25,5),(5,1,25,5),(6,1,25,5),(7,1,25,5),(8,1,25,5),(9,1,25,5),(10,1,25,5),(11,1,25,5),(12,1,25,5),(13,1,25,5),(14,1,25,5),(15,1,25,5),(16,1,25,5),(17,1,25,5),(18,1,25,5),(19,1,25,5),(20,1,25,5),(21,1,25,5),(22,1,25,5),(23,1,25,5),(24,1,25,5),(25,1,25,5),(26,1,25,5),(27,1,25,5),(28,1,25,5),(29,1,25,5),(30,1,25,5),(31,1,25,5),(32,1,25,5),(33,1,25,5),(34,1,25,5),(35,1,25,5),(36,1,25,5),(37,1,25,5),(38,1,25,5),(39,1,25,5),(40,1,25,5),(41,1,25,5),(42,1,25,5),(43,1,25,5),(44,1,25,5),(45,1,25,5),(46,1,25,5),(47,1,25,5),(48,1,25,5),(49,1,25,5),(50,1,25,5),(1,1,26,5),(2,1,26,5),(3,1,26,5),(4,1,26,5),(5,1,26,5),(6,1,26,5),(7,1,26,5),(8,1,26,5),(9,1,26,5),(10,1,26,5),(11,1,26,5),(12,1,26,5),(13,1,26,5),(14,1,26,5),(15,1,26,5),(16,1,26,5),(17,1,26,5),(18,1,26,5),(19,1,26,5),(20,1,26,5),(21,1,26,5),(22,1,26,5),(23,1,26,5),(24,1,26,5),(25,1,26,5),(26,1,26,5),(27,1,26,5),(28,1,26,5),(29,1,26,5),(30,1,26,5),(31,1,26,5),(32,1,26,5),(33,1,26,5),(34,1,26,5),(35,1,26,5),(36,1,26,5),(37,1,26,5),(38,1,26,5),(39,1,26,5),(40,1,26,5),(41,1,26,5),(42,1,26,5),(43,1,26,5),(44,1,26,5),(45,1,26,5),(46,1,26,5),(47,1,26,5),(48,1,26,5),(49,1,26,5),(50,1,26,5),(1,1,27,5),(2,1,27,5),(3,1,27,5),(4,1,27,5),(5,1,27,5),(6,1,27,5),(7,1,27,5),(8,1,27,5),(9,1,27,5),(10,1,27,5),(11,1,27,5),(12,1,27,5),(13,1,27,5),(14,1,27,5),(15,1,27,5),(16,1,27,5),(17,1,27,5),(18,1,27,5),(19,1,27,5),(20,1,27,5),(21,1,27,5),(22,1,27,5),(23,1,27,5),(24,1,27,5),(25,1,27,5),(26,1,27,5),(27,1,27,5),(28,1,27,5),(29,1,27,5),(30,1,27,5),(31,1,27,5),(32,1,27,5),(33,1,27,5),(34,1,27,5),(35,1,27,5),(36,1,27,5),(37,1,27,5),(38,1,27,5),(39,1,27,5),(40,1,27,5),(41,1,27,5),(42,1,27,5),(43,1,27,5),(44,1,27,5),(45,1,27,5),(46,1,27,5),(47,1,27,5),(48,1,27,5),(49,1,27,5),(50,1,27,5),(1,1,28,5),(2,1,28,5),(3,1,28,5),(4,1,28,5),(5,1,28,5),(6,1,28,5),(7,1,28,5),(8,1,28,5),(9,1,28,5),(10,1,28,5),(11,1,28,5),(12,1,28,5),(13,1,28,5),(14,1,28,5),(15,1,28,5),(16,1,28,5),(17,1,28,5),(18,1,28,5),(19,1,28,5),(20,1,28,5),(21,1,28,5),(22,1,28,5),(23,1,28,5),(24,1,28,5),(25,1,28,5),(26,1,28,5),(27,1,28,5),(28,1,28,5),(29,1,28,5),(30,1,28,5),(31,1,28,5),(32,1,28,5),(33,1,28,5),(34,1,28,5),(35,1,28,5),(36,1,28,5),(37,1,28,5),(38,1,28,5),(39,1,28,5),(40,1,28,5),(41,1,28,5),(42,1,28,5),(43,1,28,5),(44,1,28,5),(45,1,28,5),(46,1,28,5),(47,1,28,5),(48,1,28,5),(49,1,28,5),(50,1,28,5),(1,1,29,6),(2,1,29,6),(3,1,29,6),(4,1,29,6),(5,1,29,6),(6,1,29,6),(7,1,29,6),(8,1,29,6),(9,1,29,6),(10,1,29,6),(11,1,29,6),(12,1,29,6),(13,1,29,6),(14,1,29,6),(15,1,29,6),(16,1,29,6),(17,1,29,6),(18,1,29,6),(19,1,29,6),(20,1,29,6),(21,1,29,6),(22,1,29,6),(23,1,29,6),(24,1,29,6),(25,1,29,6),(26,1,29,6),(27,1,29,6),(28,1,29,6),(29,1,29,6),(30,1,29,6),(31,1,29,6),(32,1,29,6),(33,1,29,6),(34,1,29,6),(35,1,29,6),(36,1,29,6),(37,1,29,6),(38,1,29,6),(39,1,29,6),(40,1,29,6),(41,1,29,6),(42,1,29,6),(43,1,29,6),(44,1,29,6),(45,1,29,6),(46,1,29,6),(47,1,29,6),(48,1,29,6),(49,1,29,6),(50,1,29,6),(1,1,30,6),(2,1,30,6),(3,1,30,6),(4,1,30,6),(5,1,30,6),(6,1,30,6),(7,1,30,6),(8,1,30,6),(9,1,30,6),(10,1,30,6),(11,1,30,6),(12,1,30,6),(13,1,30,6),(14,1,30,6),(15,1,30,6),(16,1,30,6),(17,1,30,6),(18,1,30,6),(19,1,30,6),(20,1,30,6),(21,1,30,6),(22,1,30,6),(23,1,30,6),(24,1,30,6),(25,1,30,6),(26,1,30,6),(27,1,30,6),(28,1,30,6),(29,1,30,6),(30,1,30,6),(31,1,30,6),(32,1,30,6),(33,1,30,6),(34,1,30,6),(35,1,30,6),(36,1,30,6),(37,1,30,6),(38,1,30,6),(39,1,30,6),(40,1,30,6),(41,1,30,6),(42,1,30,6),(43,1,30,6),(44,1,30,6),(45,1,30,6),(46,1,30,6),(47,1,30,6),(48,1,30,6),(49,1,30,6),(50,1,30,6),(1,1,31,6),(2,1,31,6),(3,1,31,6),(4,1,31,6),(5,1,31,6),(6,1,31,6),(7,1,31,6),(8,1,31,6),(9,1,31,6),(10,1,31,6),(11,1,31,6),(12,1,31,6),(13,1,31,6),(14,1,31,6),(15,1,31,6),(16,1,31,6),(17,1,31,6),(18,1,31,6),(19,1,31,6),(20,1,31,6),(21,1,31,6),(22,1,31,6),(23,1,31,6),(24,1,31,6),(25,1,31,6),(26,1,31,6),(27,1,31,6),(28,1,31,6),(29,1,31,6),(30,1,31,6),(31,1,31,6),(32,1,31,6),(33,1,31,6),(34,1,31,6),(35,1,31,6),(36,1,31,6),(37,1,31,6),(38,1,31,6),(39,1,31,6),(40,1,31,6),(41,1,31,6),(42,1,31,6),(43,1,31,6),(44,1,31,6),(45,1,31,6),(46,1,31,6),(47,1,31,6),(48,1,31,6),(49,1,31,6),(50,1,31,6),(1,1,32,6),(2,1,32,6),(3,1,32,6),(4,1,32,6),(5,1,32,6),(6,1,32,6),(7,1,32,6),(8,1,32,6),(9,1,32,6),(10,1,32,6),(11,1,32,6),(12,1,32,6),(13,1,32,6),(14,1,32,6),(15,1,32,6),(16,1,32,6),(17,1,32,6),(18,1,32,6),(19,1,32,6),(20,1,32,6),(21,1,32,6),(22,1,32,6),(23,1,32,6),(24,1,32,6),(25,1,32,6),(26,1,32,6),(27,1,32,6),(28,1,32,6),(29,1,32,6),(30,1,32,6),(31,1,32,6),(32,1,32,6),(33,1,32,6),(34,1,32,6),(35,1,32,6),(36,1,32,6),(37,1,32,6),(38,1,32,6),(39,1,32,6),(40,1,32,6),(41,1,32,6),(42,1,32,6),(43,1,32,6),(44,1,32,6),(45,1,32,6),(46,1,32,6),(47,1,32,6),(48,1,32,6),(49,1,32,6),(50,1,32,6),(1,1,33,7),(2,1,33,7),(3,1,33,7),(4,1,33,7),(5,1,33,7),(6,1,33,7),(7,1,33,7),(8,1,33,7),(9,1,33,7),(10,1,33,7),(11,1,33,7),(12,1,33,7),(13,1,33,7),(14,1,33,7),(15,1,33,7),(16,1,33,7),(17,1,33,7),(18,1,33,7),(19,1,33,7),(20,1,33,7),(21,1,33,7),(22,1,33,7),(23,1,33,7),(24,1,33,7),(25,1,33,7),(26,1,33,7),(27,1,33,7),(28,1,33,7),(29,1,33,7),(30,1,33,7),(31,1,33,7),(32,1,33,7),(33,1,33,7),(34,1,33,7),(35,1,33,7),(36,1,33,7),(37,1,33,7),(38,1,33,7),(39,1,33,7),(40,1,33,7),(41,1,33,7),(42,1,33,7),(43,1,33,7),(44,1,33,7),(45,1,33,7),(46,1,33,7),(47,1,33,7),(48,1,33,7),(49,1,33,7),(50,1,33,7),(1,1,34,7),(2,1,34,7),(3,1,34,7),(4,1,34,7),(5,1,34,7),(6,1,34,7),(7,1,34,7),(8,1,34,7),(9,1,34,7),(10,1,34,7),(11,1,34,7),(12,1,34,7),(13,1,34,7),(14,1,34,7),(15,1,34,7),(16,1,34,7),(17,1,34,7),(18,1,34,7),(19,1,34,7),(20,1,34,7),(21,1,34,7),(22,1,34,7),(23,1,34,7),(24,1,34,7),(25,1,34,7),(26,1,34,7),(27,1,34,7),(28,1,34,7),(29,1,34,7),(30,1,34,7),(31,1,34,7),(32,1,34,7),(33,1,34,7),(34,1,34,7),(35,1,34,7),(36,1,34,7),(37,1,34,7),(38,1,34,7),(39,1,34,7),(40,1,34,7),(41,1,34,7),(42,1,34,7),(43,1,34,7),(44,1,34,7),(45,1,34,7),(46,1,34,7),(47,1,34,7),(48,1,34,7),(49,1,34,7),(50,1,34,7),(1,1,35,7),(2,1,35,7),(3,1,35,7),(4,1,35,7),(5,1,35,7),(6,1,35,7),(7,1,35,7),(8,1,35,7),(9,1,35,7),(10,1,35,7),(11,1,35,7),(12,1,35,7),(13,1,35,7),(14,1,35,7),(15,1,35,7),(16,1,35,7),(17,1,35,7),(18,1,35,7),(19,1,35,7),(20,1,35,7),(21,1,35,7),(22,1,35,7),(23,1,35,7),(24,1,35,7),(25,1,35,7),(26,1,35,7),(27,1,35,7),(28,1,35,7),(29,1,35,7),(30,1,35,7),(31,1,35,7),(32,1,35,7),(33,1,35,7),(34,1,35,7),(35,1,35,7),(36,1,35,7),(37,1,35,7),(38,1,35,7),(39,1,35,7),(40,1,35,7),(41,1,35,7),(42,1,35,7),(43,1,35,7),(44,1,35,7),(45,1,35,7),(46,1,35,7),(47,1,35,7),(48,1,35,7),(49,1,35,7),(50,1,35,7),(1,1,36,7),(2,1,36,7),(3,1,36,7),(4,1,36,7),(5,1,36,7),(6,1,36,7),(7,1,36,7),(8,1,36,7),(9,1,36,7),(10,1,36,7),(11,1,36,7),(12,1,36,7),(13,1,36,7),(14,1,36,7),(15,1,36,7),(16,1,36,7),(17,1,36,7),(18,1,36,7),(19,1,36,7),(20,1,36,7),(21,1,36,7),(22,1,36,7),(23,1,36,7),(24,1,36,7),(25,1,36,7),(26,1,36,7),(27,1,36,7),(28,1,36,7),(29,1,36,7),(30,1,36,7),(31,1,36,7),(32,1,36,7),(33,1,36,7),(34,1,36,7),(35,1,36,7),(36,1,36,7),(37,1,36,7),(38,1,36,7),(39,1,36,7),(40,1,36,7),(41,1,36,7),(42,1,36,7),(43,1,36,7),(44,1,36,7),(45,1,36,7),(46,1,36,7),(47,1,36,7),(48,1,36,7),(49,1,36,7),(50,1,36,7),(1,1,37,8),(2,1,37,8),(3,1,37,8),(4,1,37,8),(5,1,37,8),(6,1,37,8),(7,1,37,8),(8,1,37,8),(9,1,37,8),(10,1,37,8),(11,1,37,8),(12,1,37,8),(13,1,37,8),(14,1,37,8),(15,1,37,8),(16,1,37,8),(17,1,37,8),(18,1,37,8),(19,1,37,8),(20,1,37,8),(21,1,37,8),(22,1,37,8),(23,1,37,8),(24,1,37,8),(25,1,37,8),(26,1,37,8),(27,1,37,8),(28,1,37,8),(29,1,37,8),(30,1,37,8),(31,1,37,8),(32,1,37,8),(33,1,37,8),(34,1,37,8),(35,1,37,8),(36,1,37,8),(37,1,37,8),(38,1,37,8),(39,1,37,8),(40,1,37,8),(41,1,37,8),(42,1,37,8),(43,1,37,8),(44,1,37,8),(45,1,37,8),(46,1,37,8),(47,1,37,8),(48,1,37,8),(49,1,37,8),(50,1,37,8),(1,1,38,8),(2,1,38,8),(3,1,38,8),(4,1,38,8),(5,1,38,8),(6,1,38,8),(7,1,38,8),(8,1,38,8),(9,1,38,8),(10,1,38,8),(11,1,38,8),(12,1,38,8),(13,1,38,8),(14,1,38,8),(15,1,38,8),(16,1,38,8),(17,1,38,8),(18,1,38,8),(19,1,38,8),(20,1,38,8),(21,1,38,8),(22,1,38,8),(23,1,38,8),(24,1,38,8),(25,1,38,8),(26,1,38,8),(27,1,38,8),(28,1,38,8),(29,1,38,8),(30,1,38,8),(31,1,38,8),(32,1,38,8),(33,1,38,8),(34,1,38,8),(35,1,38,8),(36,1,38,8),(37,1,38,8),(38,1,38,8),(39,1,38,8),(40,1,38,8),(41,1,38,8),(42,1,38,8),(43,1,38,8),(44,1,38,8),(45,1,38,8),(46,1,38,8),(47,1,38,8),(48,1,38,8),(49,1,38,8),(50,1,38,8),(1,1,39,8),(2,1,39,8),(3,1,39,8),(4,1,39,8),(5,1,39,8),(6,1,39,8),(7,1,39,8),(8,1,39,8),(9,1,39,8),(10,1,39,8),(11,1,39,8),(12,1,39,8),(13,1,39,8),(14,1,39,8),(15,1,39,8),(16,1,39,8),(17,1,39,8),(18,1,39,8),(19,1,39,8),(20,1,39,8),(21,1,39,8),(22,1,39,8),(23,1,39,8),(24,1,39,8),(25,1,39,8),(26,1,39,8),(27,1,39,8),(28,1,39,8),(29,1,39,8),(30,1,39,8),(31,1,39,8),(32,1,39,8),(33,1,39,8),(34,1,39,8),(35,1,39,8),(36,1,39,8),(37,1,39,8),(38,1,39,8),(39,1,39,8),(40,1,39,8),(41,1,39,8),(42,1,39,8),(43,1,39,8),(44,1,39,8),(45,1,39,8),(46,1,39,8),(47,1,39,8),(48,1,39,8),(49,1,39,8),(50,1,39,8),(1,1,40,9),(2,1,40,9),(3,1,40,9),(4,1,40,9),(5,1,40,9),(6,1,40,9),(7,1,40,9),(8,1,40,9),(9,1,40,9),(10,1,40,9),(11,1,40,9),(12,1,40,9),(13,1,40,9),(14,1,40,9),(15,1,40,9),(16,1,40,9),(17,1,40,9),(18,1,40,9),(19,1,40,9),(20,1,40,9),(21,1,40,9),(22,1,40,9),(23,1,40,9),(24,1,40,9),(25,1,40,9),(26,1,40,9),(27,1,40,9),(28,1,40,9),(29,1,40,9),(30,1,40,9),(31,1,40,9),(32,1,40,9),(33,1,40,9),(34,1,40,9),(35,1,40,9),(36,1,40,9),(37,1,40,9),(38,1,40,9),(39,1,40,9),(40,1,40,9),(41,1,40,9),(42,1,40,9),(43,1,40,9),(44,1,40,9),(45,1,40,9),(46,1,40,9),(47,1,40,9),(48,1,40,9),(49,1,40,9),(50,1,40,9),(1,1,41,9),(2,1,41,9),(3,1,41,9),(4,1,41,9),(5,1,41,9),(6,1,41,9),(7,1,41,9),(8,1,41,9),(9,1,41,9),(10,1,41,9),(11,1,41,9),(12,1,41,9),(13,1,41,9),(14,1,41,9),(15,1,41,9),(16,1,41,9),(17,1,41,9),(18,1,41,9),(19,1,41,9),(20,1,41,9),(21,1,41,9),(22,1,41,9),(23,1,41,9),(24,1,41,9),(25,1,41,9),(26,1,41,9),(27,1,41,9),(28,1,41,9),(29,1,41,9),(30,1,41,9),(31,1,41,9),(32,1,41,9),(33,1,41,9),(34,1,41,9),(35,1,41,9),(36,1,41,9),(37,1,41,9),(38,1,41,9),(39,1,41,9),(40,1,41,9),(41,1,41,9),(42,1,41,9),(43,1,41,9),(44,1,41,9),(45,1,41,9),(46,1,41,9),(47,1,41,9),(48,1,41,9),(49,1,41,9),(50,1,41,9),(1,1,42,9),(2,1,42,9),(3,1,42,9),(4,1,42,9),(5,1,42,9),(6,1,42,9),(7,1,42,9),(8,1,42,9),(9,1,42,9),(10,1,42,9),(11,1,42,9),(12,1,42,9),(13,1,42,9),(14,1,42,9),(15,1,42,9),(16,1,42,9),(17,1,42,9),(18,1,42,9),(19,1,42,9),(20,1,42,9),(21,1,42,9),(22,1,42,9),(23,1,42,9),(24,1,42,9),(25,1,42,9),(26,1,42,9),(27,1,42,9),(28,1,42,9),(29,1,42,9),(30,1,42,9),(31,1,42,9),(32,1,42,9),(33,1,42,9),(34,1,42,9),(35,1,42,9),(36,1,42,9),(37,1,42,9),(38,1,42,9),(39,1,42,9),(40,1,42,9),(41,1,42,9),(42,1,42,9),(43,1,42,9),(44,1,42,9),(45,1,42,9),(46,1,42,9),(47,1,42,9),(48,1,42,9),(49,1,42,9),(50,1,42,9),(1,1,43,10),(2,1,43,10),(3,1,43,10),(4,1,43,10),(5,1,43,10),(6,1,43,10),(7,1,43,10),(8,1,43,10),(9,1,43,10),(10,1,43,10),(11,1,43,10),(12,1,43,10),(13,1,43,10),(14,1,43,10),(15,1,43,10),(16,1,43,10),(17,1,43,10),(18,1,43,10),(19,1,43,10),(20,1,43,10),(21,1,43,10),(22,1,43,10),(23,1,43,10),(24,1,43,10),(25,1,43,10),(26,1,43,10),(27,1,43,10),(28,1,43,10),(29,1,43,10),(30,1,43,10),(31,1,43,10),(32,1,43,10),(33,1,43,10),(34,1,43,10),(35,1,43,10),(36,1,43,10),(37,1,43,10),(38,1,43,10),(39,1,43,10),(40,1,43,10),(41,1,43,10),(42,1,43,10),(43,1,43,10),(44,1,43,10),(45,1,43,10),(46,1,43,10),(47,1,43,10),(48,1,43,10),(49,1,43,10),(50,1,43,10),(1,1,44,10),(2,1,44,10),(3,1,44,10),(4,1,44,10),(5,1,44,10),(6,1,44,10),(7,1,44,10),(8,1,44,10),(9,1,44,10),(10,1,44,10),(11,1,44,10),(12,1,44,10),(13,1,44,10),(14,1,44,10),(15,1,44,10),(16,1,44,10),(17,1,44,10),(18,1,44,10),(19,1,44,10),(20,1,44,10),(21,1,44,10),(22,1,44,10),(23,1,44,10),(24,1,44,10),(25,1,44,10),(26,1,44,10),(27,1,44,10),(28,1,44,10),(29,1,44,10),(30,1,44,10),(31,1,44,10),(32,1,44,10),(33,1,44,10),(34,1,44,10),(35,1,44,10),(36,1,44,10),(37,1,44,10),(38,1,44,10),(39,1,44,10),(40,1,44,10),(41,1,44,10),(42,1,44,10),(43,1,44,10),(44,1,44,10),(45,1,44,10),(46,1,44,10),(47,1,44,10),(48,1,44,10),(49,1,44,10),(50,1,44,10),(1,1,45,10),(2,1,45,10),(3,1,45,10),(4,1,45,10),(5,1,45,10),(6,1,45,10),(7,1,45,10),(8,1,45,10),(9,1,45,10),(10,1,45,10),(11,1,45,10),(12,1,45,10),(13,0,45,10),(14,1,45,10),(15,1,45,10),(16,1,45,10),(17,1,45,10),(18,1,45,10),(19,1,45,10),(20,1,45,10),(21,1,45,10),(22,0,45,10),(23,1,45,10),(24,1,45,10),(25,0,45,10),(26,1,45,10),(27,0,45,10),(28,1,45,10),(29,1,45,10),(30,1,45,10),(31,1,45,10),(32,1,45,10),(33,1,45,10),(34,0,45,10),(35,1,45,10),(36,1,45,10),(37,1,45,10),(38,1,45,10),(39,1,45,10),(40,1,45,10),(41,1,45,10),(42,1,45,10),(43,1,45,10),(44,1,45,10),(45,1,45,10),(46,1,45,10),(47,1,45,10),(48,1,45,10),(49,1,45,10),(50,1,45,10),(1,1,46,10),(2,1,46,10),(3,1,46,10),(4,1,46,10),(5,1,46,10),(6,1,46,10),(7,1,46,10),(8,1,46,10),(9,1,46,10),(10,1,46,10),(11,1,46,10),(12,1,46,10),(13,1,46,10),(14,1,46,10),(15,1,46,10),(16,1,46,10),(17,1,46,10),(18,1,46,10),(19,1,46,10),(20,1,46,10),(21,1,46,10),(22,1,46,10),(23,1,46,10),(24,1,46,10),(25,1,46,10),(26,1,46,10),(27,1,46,10),(28,1,46,10),(29,1,46,10),(30,1,46,10),(31,1,46,10),(32,1,46,10),(33,1,46,10),(34,1,46,10),(35,1,46,10),(36,1,46,10),(37,1,46,10),(38,1,46,10),(39,1,46,10),(40,1,46,10),(41,1,46,10),(42,1,46,10),(43,1,46,10),(44,1,46,10),(45,1,46,10),(46,1,46,10),(47,1,46,10),(48,1,46,10),(49,1,46,10),(50,1,46,10),(1,1,47,11),(2,1,47,11),(3,1,47,11),(4,1,47,11),(5,1,47,11),(6,1,47,11),(7,1,47,11),(8,1,47,11),(9,1,47,11),(10,1,47,11),(11,1,47,11),(12,1,47,11),(13,1,47,11),(14,1,47,11),(15,1,47,11),(16,1,47,11),(17,1,47,11),(18,1,47,11),(19,1,47,11),(20,1,47,11),(21,1,47,11),(22,1,47,11),(23,1,47,11),(24,1,47,11),(25,1,47,11),(26,1,47,11),(27,1,47,11),(28,1,47,11),(29,1,47,11),(30,1,47,11),(31,1,47,11),(32,1,47,11),(33,1,47,11),(34,1,47,11),(35,1,47,11),(36,1,47,11),(37,1,47,11),(38,1,47,11),(39,1,47,11),(40,1,47,11),(41,1,47,11),(42,1,47,11),(43,1,47,11),(44,1,47,11),(45,1,47,11),(46,1,47,11),(47,1,47,11),(48,1,47,11),(49,1,47,11),(50,1,47,11),(1,1,48,11),(2,1,48,11),(3,1,48,11),(4,1,48,11),(5,1,48,11),(6,1,48,11),(7,1,48,11),(8,1,48,11),(9,1,48,11),(10,1,48,11),(11,1,48,11),(12,1,48,11),(13,1,48,11),(14,1,48,11),(15,1,48,11),(16,1,48,11),(17,1,48,11),(18,1,48,11),(19,1,48,11),(20,1,48,11),(21,1,48,11),(22,1,48,11),(23,1,48,11),(24,1,48,11),(25,1,48,11),(26,1,48,11),(27,1,48,11),(28,1,48,11),(29,1,48,11),(30,1,48,11),(31,1,48,11),(32,1,48,11),(33,1,48,11),(34,1,48,11),(35,1,48,11),(36,1,48,11),(37,1,48,11),(38,1,48,11),(39,1,48,11),(40,1,48,11),(41,1,48,11),(42,1,48,11),(43,1,48,11),(44,1,48,11),(45,1,48,11),(46,1,48,11),(47,1,48,11),(48,1,48,11),(49,1,48,11),(50,1,48,11),(1,1,49,11),(2,1,49,11),(3,1,49,11),(4,1,49,11),(5,1,49,11),(6,1,49,11),(7,1,49,11),(8,1,49,11),(9,1,49,11),(10,1,49,11),(11,1,49,11),(12,1,49,11),(13,1,49,11),(14,1,49,11),(15,1,49,11),(16,1,49,11),(17,1,49,11),(18,1,49,11),(19,1,49,11),(20,1,49,11),(21,1,49,11),(22,1,49,11),(23,1,49,11),(24,1,49,11),(25,1,49,11),(26,1,49,11),(27,1,49,11),(28,1,49,11),(29,1,49,11),(30,1,49,11),(31,1,49,11),(32,1,49,11),(33,1,49,11),(34,1,49,11),(35,1,49,11),(36,1,49,11),(37,1,49,11),(38,1,49,11),(39,1,49,11),(40,1,49,11),(41,1,49,11),(42,1,49,11),(43,1,49,11),(44,1,49,11),(45,1,49,11),(46,1,49,11),(47,1,49,11),(48,1,49,11),(49,1,49,11),(50,1,49,11),(1,1,50,11),(2,1,50,11),(3,1,50,11),(4,1,50,11),(5,1,50,11),(6,1,50,11),(7,1,50,11),(8,1,50,11),(9,1,50,11),(10,1,50,11),(11,1,50,11),(12,1,50,11),(13,1,50,11),(14,1,50,11),(15,1,50,11),(16,1,50,11),(17,1,50,11),(18,1,50,11),(19,1,50,11),(20,1,50,11),(21,1,50,11),(22,1,50,11),(23,1,50,11),(24,1,50,11),(25,1,50,11),(26,1,50,11),(27,1,50,11),(28,1,50,11),(29,1,50,11),(30,1,50,11),(31,1,50,11),(32,1,50,11),(33,1,50,11),(34,1,50,11),(35,1,50,11),(36,1,50,11),(37,1,50,11),(38,1,50,11),(39,1,50,11),(40,1,50,11),(41,1,50,11),(42,1,50,11),(43,1,50,11),(44,1,50,11),(45,1,50,11),(46,1,50,11),(47,1,50,11),(48,1,50,11),(49,1,50,11),(50,1,50,11);
/*!40000 ALTER TABLE `place` ENABLE KEYS */;
UNLOCK TABLES;

--
-- Table structure for table `session`
--

DROP TABLE IF EXISTS `session`;
/*!40101 SET @saved_cs_client     = @@character_set_client */;
/*!40101 SET character_set_client = utf8 */;
CREATE TABLE `session` (
  `idSession` int(11) NOT NULL AUTO_INCREMENT,
  `Times` varchar(45) NOT NULL,
  `price` int(11) NOT NULL,
  `idFilm` int(11) NOT NULL,
  `date` varchar(45) NOT NULL,
  `Hall` int(11) NOT NULL,
  PRIMARY KEY (`idSession`),
  KEY `fk_Session_Film1_idx` (`idFilm`),
  CONSTRAINT `fk_Session_Film1` FOREIGN KEY (`idFilm`) REFERENCES `film` (`idFilm`) ON DELETE NO ACTION ON UPDATE NO ACTION
) ENGINE=InnoDB AUTO_INCREMENT=51 DEFAULT CHARSET=utf8;
/*!40101 SET character_set_client = @saved_cs_client */;

--
-- Dumping data for table `session`
--

LOCK TABLES `session` WRITE;
/*!40000 ALTER TABLE `session` DISABLE KEYS */;
INSERT INTO `session` VALUES (6,'6:00',400,1,'1.01.2018',1),(7,'10:00',100,1,'1.01.2018',1),(8,'12:30',150,1,'1.01.2018',1),(9,'15:00',300,1,'1.01.2018',1),(10,'6:00',400,2,'1.01.2018',2),(11,'10:10',150,2,'1.01.2018',2),(12,'12:40',200,2,'1.01.2018',2),(13,'15:10',300,2,'1.01.2018',2),(14,'17:40',350,2,'1.01.2018',2),(15,'7:00',150,3,'1.01.2018',3),(16,'8:10',150,3,'1.01.2018',3),(17,'10:20',200,3,'1.01.2018',3),(18,'12:20',250,3,'1.01.2018',3),(19,'16:00',400,3,'1.01.2018',3),(20,'22:15',600,3,'1.01.2018',3),(21,'8:25',139,4,'1.01.2018',4),(22,'10:50',300,4,'1.01.2018',4),(23,'14:15',300,4,'1.01.2018',4),(24,'16:03',350,4,'1.01.2018',4),(25,'7:00',200,5,'1.01.2018',5),(26,'10:10',250,5,'1.01.2018',5),(27,'16:00',300,5,'1.01.2018',5),(28,'20:11',450,5,'1.01.2018',5),(29,'8:00',150,6,'1.01.2018',6),(30,'11:00',200,6,'1.01.2018',6),(31,'14:13',300,6,'1.01.2018',6),(32,'18:10',350,6,'1.01.2018',6),(33,'8:00',100,7,'1.01.2018',7),(34,'11:00',200,7,'1.01.2018',7),(35,'16:15',350,7,'1.01.2018',7),(36,'20:11',400,7,'1.01.2018',7),(37,'6:00',90,8,'1.01.2018',8),(38,'10:00',150,8,'1.01.2018',8),(39,'15:45',300,8,'1.01.2018',8),(40,'7:00',100,9,'1.01.2018',9),(41,'11:55',200,9,'1.01.2018',9),(42,'18:20',300,9,'1.01.2018',9),(43,'7:00',100,10,'1.01.2018',10),(44,'10:00',150,10,'1.01.2018',10),(45,'16:15',300,10,'1.01.2018',10),(46,'20:00',400,10,'1.01.2018',10),(47,'5:00',50,11,'1.01.2018',11),(48,'10:00',100,11,'1.01.2018',11),(49,'15:15',250,11,'1.01.2018',11),(50,'21:30',500,11,'1.01.2018',11);
/*!40000 ALTER TABLE `session` ENABLE KEYS */;
UNLOCK TABLES;

--
-- Table structure for table `transaction`
--

DROP TABLE IF EXISTS `transaction`;
/*!40101 SET @saved_cs_client     = @@character_set_client */;
/*!40101 SET character_set_client = utf8 */;
CREATE TABLE `transaction` (
  `idTransaction` int(11) NOT NULL AUTO_INCREMENT,
  `NumCard` bigint(20) NOT NULL,
  `CodCVV2` int(11) NOT NULL,
  `idSession` int(11) NOT NULL,
  `FirstName` varchar(45) NOT NULL,
  `LastName` varchar(45) NOT NULL,
  `SumPrice` int(11) NOT NULL,
  PRIMARY KEY (`idTransaction`),
  KEY `idSession` (`idSession`),
  CONSTRAINT `transaction_ibfk_1` FOREIGN KEY (`idSession`) REFERENCES `session` (`idSession`)
) ENGINE=InnoDB AUTO_INCREMENT=13 DEFAULT CHARSET=utf8;
/*!40101 SET character_set_client = @saved_cs_client */;

--
-- Dumping data for table `transaction`
--

LOCK TABLES `transaction` WRITE;
/*!40000 ALTER TABLE `transaction` DISABLE KEYS */;
INSERT INTO `transaction` VALUES (1,8455015216351456,145,9,'Sergey','Elmanov',300),(2,4500005546662553,789,23,'Sergey','Elmanov',1800),(3,4500652236660222,455,39,'Sergey','Elmanov',600),(4,4550554045505540,455,39,'Sergey','Elmanov',300),(5,1234567888754613,456,20,'dfgh','dfgh',600),(6,4599654002588520,456,45,'Дмитрий ','Махнов',300),(7,4321876512345671,123,45,'Сергей','Ельманов',300),(8,1234567887654321,123,45,'Матвей','Ельманов',300),(9,1234123412341234,123,45,'Серегей','Ельманов',300),(10,1234123412341234,123,45,'Сергей','Ельманов',300),(11,2254636373768759,123,15,'кгншкншкн','шкшн',150),(12,1258845699623514,123,8,'1','1',300);
/*!40000 ALTER TABLE `transaction` ENABLE KEYS */;
UNLOCK TABLES;
/*!40103 SET TIME_ZONE=@OLD_TIME_ZONE */;

/*!40101 SET SQL_MODE=@OLD_SQL_MODE */;
/*!40014 SET FOREIGN_KEY_CHECKS=@OLD_FOREIGN_KEY_CHECKS */;
/*!40014 SET UNIQUE_CHECKS=@OLD_UNIQUE_CHECKS */;
/*!40101 SET CHARACTER_SET_CLIENT=@OLD_CHARACTER_SET_CLIENT */;
/*!40101 SET CHARACTER_SET_RESULTS=@OLD_CHARACTER_SET_RESULTS */;
/*!40101 SET COLLATION_CONNECTION=@OLD_COLLATION_CONNECTION */;
/*!40111 SET SQL_NOTES=@OLD_SQL_NOTES */;

-- Dump completed on 2017-11-30 21:57:14
